GROUP,PACKAGE,CLASS,INSTRUCTION_MISSED,INSTRUCTION_COVERED,BRANCH_MISSED,BRANCH_COVERED,LINE_MISSED,LINE_COVERED,COMPLEXITY_MISSED,COMPLEXITY_COVERED,METHOD_MISSED,METHOD_COVERED
timesheet-ci,tn.esprit.spring,TimesheetApplication,5,3,0,0,1,1,1,1,1,1
<<<<<<< HEAD
timesheet-ci,tn.esprit.spring.services,UserServiceImpl,99,7,2,0,19,2,6,2,5,2
timesheet-ci,tn.esprit.spring.services,DepartmentServiceImpl,11,95,0,2,2,19,0,8,0,7
timesheet-ci,tn.esprit.spring.services,EmployeServiceImpl,99,7,2,0,19,2,6,2,5,2
timesheet-ci,tn.esprit.spring.entities,Employe,175,3,0,0,55,2,24,1,24,1
=======
timesheet-ci,tn.esprit.spring.services,EmployeServiceImpl,11,95,0,2,2,19,0,8,0,7
timesheet-ci,tn.esprit.spring.entities,Employe,82,96,0,0,35,22,19,6,19,6
>>>>>>> af29a56b8f078a2fc39960dfad0c8cb0f34b4061
timesheet-ci,tn.esprit.spring.entities,Timesheet,31,0,0,0,13,0,9,0,9,0
timesheet-ci,tn.esprit.spring.entities,TimesheetPK,159,0,26,0,47,0,25,0,12,0
timesheet-ci,tn.esprit.spring.entities,Role,0,44,0,0,0,2,0,1,0,1
timesheet-ci,tn.esprit.spring.entities,MissionExterne,25,3,0,0,10,2,5,1,5,1
timesheet-ci,tn.esprit.spring.entities,Entreprise,51,8,0,0,19,3,10,1,10,1
<<<<<<< HEAD
timesheet-ci,tn.esprit.spring.entities,Departement,29,24,0,0,13,11,8,5,8,5
=======
timesheet-ci,tn.esprit.spring.entities,Departement,41,3,0,0,18,2,11,1,11,1
>>>>>>> af29a56b8f078a2fc39960dfad0c8cb0f34b4061
timesheet-ci,tn.esprit.spring.entities,Mission,44,3,0,0,19,2,11,1,11,1
timesheet-ci,tn.esprit.spring.entities,Contrat,47,3,0,0,20,2,11,1,11,1
timesheet-ci,tn.esprit.spring.entities,User,93,3,0,0,26,1,11,1,11,1
